fragment,n_occurrence,mean_delta_prob,mean_charge,mean_hydrophobicity,mean_positive_fraction
YLCLYCC,1,0.125197172164917,0.0,1.7857142857142858,0.0
YCCACCK,1,0.01857316493988037,1.0,0.9428571428571428,0.14285714285714285
CCACCKN,1,0.017709732055664062,1.0,0.6285714285714287,0.14285714285714285
VRLEHTW,1,0.010653018951416016,0.1,-0.6857142857142858,0.2857142857142857
GKCRHVC,1,0.0075588226318359375,2.1,-0.39999999999999997,0.42857142857142855
HCRKICK,1,0.0012303590774536133,3.1,-0.8571428571428571,0.5714285714285714
GHCRKIC,1,0.0007255077362060547,2.1,-0.35714285714285715,0.42857142857142855
HFRQRRG,1,0.00011032819747924805,3.1,-2.5428571428571423,0.5714285714285714
CRKICKA,1,6.377696990966797e-05,3.0,-0.14285714285714288,0.42857142857142855
VLPFPAI,1,3.2782554626464844e-05,0.0,1.9857142857142858,0.0
FRQRRGS,1,2.944469451904297e-05,3.0,-2.2,0.42857142857142855
FTYASPR,1,2.5331974029541016e-05,1.0,-0.6142857142857144,0.14285714285714285
GVRLEHT,1,1.8894672393798828e-05,0.1,-0.6142857142857142,0.2857142857142857
PCRQCCH,1,1.806020736694336e-05,1.1,-0.7571428571428571,0.2857142857142857
AAKVALK,1,6.4373016357421875e-06,2.0,0.7999999999999999,0.2857142857142857
YAQEYTV,1,2.7418136596679688e-06,-1.0,-0.6142857142857142,0.0
AQEYTVG,1,2.6226043701171875e-06,-1.0,-0.4857142857142857,0.0
QEYTVGH,1,2.0265579223632812e-06,-0.9,-1.2,0.14285714285714285
RGKFKRP,1,1.9073486328125e-06,4.0,-2.2857142857142856,0.5714285714285714
VIAKLKA,1,1.7881393432617188e-06,2.0,1.1857142857142855,0.2857142857142857
LRRVRMS,1,1.430511474609375e-06,3.0,-0.6285714285714287,0.42857142857142855
GWGLVKK,1,8.344650268554688e-07,2.0,-0.21428571428571427,0.2857142857142857
QQNSISL,1,7.152557373046875e-07,0.0,-0.5428571428571429,0.0
EDMNQKL,1,5.960464477539062e-07,-1.0,-1.7428571428571427,0.14285714285714285
IVIAKLK,1,5.960464477539062e-07,2.0,1.5714285714285712,0.2857142857142857
KKYYTKV,1,5.364418029785156e-07,3.0,-1.542857142857143,0.42857142857142855
PFPAIPL,1,4.172325134277344e-07,0.0,1.1571428571428568,0.0
AKLKANL,1,3.5762786865234375e-07,2.0,-0.014285714285714235,0.2857142857142857
NSISLEG,1,2.980232238769531e-07,-1.0,-0.09999999999999998,0.0
RPQQNSI,1,2.980232238769531e-07,1.0,-1.8428571428571432,0.14285714285714285
FLLFCFL,1,2.384185791015625e-07,0.0,3.185714285714286,0.0
MSKGHCK,1,2.384185791015625e-07,2.1,-1.1142857142857143,0.42857142857142855
LLFCFLD,1,1.7881393432617188e-07,-1.0,2.2857142857142856,0.0
RKECRMS,1,1.7881393432617188e-07,2.0,-1.8285714285714287,0.42857142857142855
RMSKGHC,1,1.7881393432617188e-07,2.1,-1.2000000000000004,0.42857142857142855
DVNWVDV,1,0.0,-2.0,0.1714285714285715,0.0
ENLQMLT,1,0.0,-1.0,-0.24285714285714297,0.0
EQERDAD,1,0.0,-3.0,-2.8857142857142857,0.14285714285714285
ERDADEE,1,0.0,-4.0,-2.8857142857142857,0.14285714285714285
GDVNWVD,1,0.0,-2.0,-0.48571428571428565,0.0
GGTSCGR,1,0.0,1.0,-0.6714285714285715,0.14285714285714285
GTSCGRK,1,0.0,2.0,-1.1714285714285713,0.2857142857142857
GTVKDLL,1,0.0,0.0,0.4714285714285714,0.14285714285714285
KFKDLNE,1,0.0,0.0,-1.6714285714285713,0.2857142857142857
KQYNGFE,1,0.0,0.0,-1.9000000000000001,0.14285714285714285
KTFSVAV,1,0.0,1.0,1.0857142857142859,0.14285714285714285
LPFPAIP,1,0.0,0.0,1.157142857142857,0.0
MENLQML,1,0.0,-1.0,0.12857142857142856,0.0
MGTVKDL,1,0.0,0.0,0.19999999999999998,0.14285714285714285
MKQYNGF,1,0.0,1.0,-1.1285714285714288,0.14285714285714285
MKTFSVA,1,0.0,1.0,0.7571428571428571,0.14285714285714285
MNKFKDL,1,0.0,1.0,-0.9,0.2857142857142857
NKFKDLN,1,0.0,1.0,-1.6714285714285713,0.2857142857142857
NLQMLTE,1,0.0,-1.0,-0.2428571428571429,0.0
QERDADE,1,0.0,-3.0,-2.8857142857142857,0.14285714285714285
QYNGFEV,1,0.0,-1.0,-0.7428571428571431,0.0
TFSVAVV,1,0.0,0.0,2.242857142857143,0.0
TSCGRKY,1,0.0,2.0,-1.3,0.2857142857142857
VMGTVKD,1,0.0,0.0,0.257142857142857,0.14285714285714285
VNWVDVG,1,0.0,-1.0,0.6142857142857142,0.0
