protein_name,label,pred,position,aa,residue_importance
ALL007057,1,1,0,M,0.0
ALL007057,1,1,1,F,0.0
ALL007057,1,1,2,K,0.0
ALL007057,1,1,3,T,0.0
ALL007057,1,1,4,I,0.0
ALL007057,1,1,5,L,0.0
ALL007057,1,1,6,V,0.0
ALL007057,1,1,7,L,0.0
ALL007057,1,1,8,V,0.0
ALL007057,1,1,9,V,0.0
ALL007057,1,1,10,A,0.0
ALL007057,1,1,11,L,0.0
ALL007057,1,1,12,N,0.0
ALL007057,1,1,13,L,0.0
ALL007057,1,1,14,L,0.0
ALL007057,1,1,15,G,0.0
ALL007057,1,1,16,A,0.0
ALL007057,1,1,17,F,3.6188534327915737e-06
ALL007057,1,1,18,T,3.6188534327915737e-06
ALL007057,1,1,19,Y,3.6188534327915737e-06
ALL007057,1,1,20,A,3.6188534327915737e-06
ALL007057,1,1,21,S,3.6188534327915737e-06
ALL007057,1,1,22,P,3.6188534327915737e-06
ALL007057,1,1,23,R,3.6188534327915737e-06
ALL007057,1,1,24,P,0.0
ALL007057,1,1,25,D,0.0
ALL007057,1,1,26,D,0.0
ALL007057,1,1,27,K,0.0
ALL007057,1,1,28,K,0.0
ALL007057,1,1,29,N,0.0
ALL007057,1,1,30,Q,0.0
ALL007057,1,1,31,G,0.0
ALL007057,1,1,32,S,0.0
ALL007057,1,1,33,A,0.0
ALL007057,1,1,34,S,0.0
ALL007057,1,1,35,V,0.0
ALL007057,1,1,36,D,0.0
ALL007057,1,1,37,V,0.0
ALL007057,1,1,38,Q,0.0
ALL007057,1,1,39,R,0.0
ALL007057,1,1,40,E,0.0
ALL007057,1,1,41,R,0.0
ALL007057,1,1,42,G,7.748603820800781e-07
ALL007057,1,1,43,E,7.748603820800781e-07
ALL007057,1,1,44,G,7.748603820800781e-07
ALL007057,1,1,45,T,7.748603820800781e-07
ALL007057,1,1,46,K,7.748603820800781e-07
ALL007057,1,1,47,V,7.748603820800781e-07
ALL007057,1,1,48,D,7.748603820800781e-07
ALL007057,1,1,49,A,0.0
ALL007057,1,1,50,R,0.0
ALL007057,1,1,51,V,0.0
ALL007057,1,1,52,R,0.0
ALL007057,1,1,53,Q,0.0
ALL007057,1,1,54,E,9.366444178989955e-08
ALL007057,1,1,55,L,5.705015999930245e-07
ALL007057,1,1,56,W,2.4437904357910156e-06
ALL007057,1,1,57,R,2.4437904357910156e-06
ALL007057,1,1,58,S,2.4437904357910156e-06
ALL007057,1,1,59,D,2.4437904357910156e-06
ALL007057,1,1,60,D,2.4437904357910156e-06
ALL007057,1,1,61,G,2.350125994001116e-06
ALL007057,1,1,62,R,1.873288835797991e-06
ALL007057,1,1,63,T,0.0
ALL007057,1,1,64,R,0.0
ALL007057,1,1,65,A,9.366444178989955e-08
ALL007057,1,1,66,E,1.873288835797991e-07
ALL007057,1,1,67,A,1.873288835797991e-07
ALL007057,1,1,68,Y,1.873288835797991e-07
ALL007057,1,1,69,G,1.873288835797991e-07
ALL007057,1,1,70,H,1.873288835797991e-07
ALL007057,1,1,71,W,1.873288835797991e-07
ALL007057,1,1,72,D,9.366444178989955e-08
ALL007057,1,1,73,R,0.0
ALL007057,1,1,74,T,0.0
ALL007057,1,1,75,Y,0.0
ALL007057,1,1,76,G,0.0
ALL007057,1,1,77,G,0.0
ALL007057,1,1,78,R,0.0
ALL007057,1,1,79,N,0.0
ALL007057,1,1,80,H,0.0
ALL007057,1,1,81,G,0.0
ALL007057,1,1,82,E,0.0
ALL007057,1,1,83,R,0.0
ALL007057,1,1,84,S,0.0
ALL007057,1,1,85,H,0.0
ALL007057,1,1,86,G,0.0
ALL007057,1,1,87,G,0.0
ALL007057,1,1,88,G,2.6992389133998325e-06
ALL007057,1,1,89,V,0.0015245590891156877
ALL007057,1,1,90,R,0.0015245761190141951
ALL007057,1,1,91,L,0.0015245931489127023
ALL007057,1,1,92,E,0.0017786920070648193
ALL007057,1,1,93,H,0.0021344304084777834
ALL007057,1,1,94,T,0.002668038010597229
ALL007057,1,1,95,W,0.0035510857899983725
ALL007057,1,1,96,G,1.1920928955078125e-07
ALL007057,1,1,97,K,1.1920928955078125e-07
ALL008246,1,1,0,F,0.0
ALL008246,1,1,1,L,0.0
ALL008246,1,1,2,I,0.0
ALL008246,1,1,3,F,0.0
ALL008246,1,1,4,I,0.0
ALL008246,1,1,5,R,0.0
ALL008246,1,1,6,V,0.0
ALL008246,1,1,7,I,0.0
ALL008246,1,1,8,C,0.0
ALL008246,1,1,9,I,8.514949253627232e-08
ALL008246,1,1,10,V,3.405979701450893e-07
ALL008246,1,1,11,I,3.405979701450893e-07
ALL008246,1,1,12,A,3.9168766566685266e-07
ALL008246,1,1,13,K,3.9168766566685266e-07
ALL008246,1,1,14,L,3.9168766566685266e-07
ALL008246,1,1,15,K,4.087175641741071e-07
ALL008246,1,1,16,A,3.2356807163783484e-07
ALL008246,1,1,17,N,7.947285970052083e-08
ALL008246,1,1,18,L,9.5367431640625e-08
ALL008246,1,1,19,M,2.9802322387695312e-08
ALL008246,1,1,20,C,3.9736429850260414e-08
ALL008246,1,1,21,K,5.960464477539063e-08
ALL008246,1,1,22,T,0.0
ALL017720,1,1,0,M,1.1920928955078125e-07
ALL017720,1,1,1,K,1.1920928955078125e-07
ALL017720,1,1,2,L,7.947285970052083e-08
ALL017720,1,1,3,P,8.940696716308594e-08
ALL017720,1,1,4,V,9.5367431640625e-08
ALL017720,1,1,5,L,8.940696716308594e-08
ALL017720,1,1,6,F,1.1069434029715402e-07
ALL017720,1,1,7,L,1.1920928955078125e-07
ALL017720,1,1,8,L,1.1920928955078125e-07
ALL017720,1,1,9,F,1.362391880580357e-07
ALL017720,1,1,10,C,1.362391880580357e-07
ALL017720,1,1,11,F,1.1920928955078125e-07
ALL017720,1,1,12,L,1.1069434029715402e-07
ALL017720,1,1,13,D,7.66345432826451e-08
ALL017720,1,1,14,L,5.108969552176339e-08
ALL017720,1,1,15,K,3.4059797014508927e-08
ALL017720,1,1,16,A,1.7029898507254463e-08
ALL017720,1,1,17,N,0.0
ALL017720,1,1,18,M,0.0
ALL017720,1,1,19,K,0.0
ALL017720,1,1,20,D,0.0
ALL017720,1,1,21,T,0.0
ALL017720,1,1,22,Y,0.0
ALL017720,1,1,23,F,0.0
ALL017720,1,1,24,C,0.0
ALL017720,1,1,25,F,0.0
ALL017720,1,1,26,I,0.0
ALL017720,1,1,27,K,0.0
ALL017720,1,1,28,K,0.0
ALL017720,1,1,29,G,0.001079831804547991
ALL017720,1,1,30,K,0.001079831804547991
ALL017720,1,1,31,C,0.001079831804547991
ALL017720,1,1,32,R,0.001079831804547991
ALL017720,1,1,33,H,0.001079831804547991
ALL017720,1,1,34,V,0.001079831804547991
ALL017720,1,1,35,C,0.001079831804547991
ALL017720,1,1,36,S,0.0
ALL017720,1,1,37,N,0.0
ALL017720,1,1,38,V,0.0
ALL017720,1,1,39,E,0.0
ALL017720,1,1,40,M,0.0
ALL017720,1,1,41,R,1.7029898507254463e-08
ALL017720,1,1,42,V,1.7029898507254463e-08
ALL017720,1,1,43,V,1.7029898507254463e-08
ALL017720,1,1,44,A,1.7029898507254463e-08
ALL017720,1,1,45,C,1.7029898507254463e-08
ALL017720,1,1,46,T,1.7029898507254463e-08
ALL017720,1,1,47,K,1.7029898507254463e-08
ALL017720,1,1,48,L,0.0
ALL017720,1,1,49,S,0.0
ALL017720,1,1,50,A,0.0
ALL017720,1,1,51,N,0.0
ALL017720,1,1,52,F,1.7029898507254463e-08
ALL017720,1,1,53,C,1.7029898507254463e-08
ALL017720,1,1,54,I,1.7029898507254463e-08
ALL017720,1,1,55,I,1.7029898507254463e-08
ALL017720,1,1,56,M,1.7029898507254463e-08
ALL017720,1,1,57,P,1.7029898507254463e-08
ALL017720,1,1,58,E,1.7029898507254463e-08
ALL017720,1,1,59,V,0.0
ALL017720,1,1,60,Q,0.0
ALL017720,1,1,61,S,0.0
ALL017720,1,1,62,M,0.0
ALL017720,1,1,63,V,0.0
ALL017720,1,1,64,S,0.0
ALL017720,1,1,65,I,0.0
ALL017720,1,1,66,K,0.0
ALL017720,1,1,67,I,0.0
ALL017720,1,1,68,S,0.0
ALL017720,1,1,69,N,0.0
ALL017720,1,1,70,K,0.0
ALL017720,1,1,71,D,0.0
ALL017720,1,1,72,N,0.0
ALL002113,1,1,0,G,0.0
ALL002113,1,1,1,G,0.0
ALL002113,1,1,2,T,0.0
ALL002113,1,1,3,S,0.0
ALL002113,1,1,4,C,0.0
ALL002113,1,1,5,G,0.0
ALL002113,1,1,6,R,0.0
ALL002113,1,1,7,K,0.0
ALL002113,1,1,8,Y,0.0
ALL002113,1,1,9,P,0.0
ALL002113,1,1,10,G,0.0
ALL002113,1,1,11,R,0.0
ALL002113,1,1,12,C,0.0
ALL002113,1,1,13,K,0.0
ALL002113,1,1,14,L,0.0
ALL002113,1,1,15,H,0.0
ALL002113,1,1,16,C,0.0
ALL002113,1,1,17,H,0.0
ALL002113,1,1,18,S,0.0
ALL002113,1,1,19,Q,0.0
ALL002113,1,1,20,E,0.0
ALL002113,1,1,21,R,0.0
ALL002113,1,1,22,S,0.0
ALL002113,1,1,23,I,0.0
ALL002113,1,1,24,F,0.0
ALL002113,1,1,25,I,0.0
ALL002113,1,1,26,C,0.0
ALL002113,1,1,27,D,0.0
ALL002113,1,1,28,R,0.0
ALL002113,1,1,29,Y,0.0
ALL002113,1,1,30,R,0.0
ALL002113,1,1,31,L,0.0
ALL002113,1,1,32,C,0.0
ALL002113,1,1,33,C,0.0
ALL002113,1,1,34,M,0.0
ALL002113,1,1,35,K,0.0
ALL002113,1,1,36,N,0.0
ALL002113,1,1,37,P,0.0
ALL002113,1,1,38,I,0.0
ALL002113,1,1,39,E,0.0
ALL002113,1,1,40,G,0.0
ALL002113,1,1,41,I,0.0
ALL002113,1,1,42,T,0.0
ALL002113,1,1,43,A,0.0
ALL002113,1,1,44,S,0.0
ALL002113,1,1,45,P,0.0
ALL002113,1,1,46,V,0.0
ALL002113,1,1,47,H,0.0
ALL002113,1,1,48,R,0.0
ALL002113,1,1,49,A,0.0
ALL002113,1,1,50,K,0.0
ALL002113,1,1,51,H,0.0
ALL002113,1,1,52,P,0.0
ALL002113,1,1,53,C,0.0
ALL002113,1,1,54,R,0.0
ALL002113,1,1,55,K,0.0
ALL002113,1,1,56,T,0.0
ALL002113,1,1,57,T,0.0
ALL002113,1,1,58,E,0.0
ALL002113,1,1,59,S,0.0
ALL002113,1,1,60,Q,0.0
ALL002113,1,1,61,N,0.0
ALL002113,1,1,62,V,0.0
ALL002113,1,1,63,E,0.0
ALL002113,1,1,64,Q,0.0
ALL002113,1,1,65,Q,0.0
ALL002113,1,1,66,M,0.0
ALL002113,1,1,67,A,0.0
ALL002113,1,1,68,S,0.0
ALL002113,1,1,69,T,0.0
ALL002113,1,1,70,P,0.0
ALL002113,1,1,71,Q,0.0
ALL002113,1,1,72,P,0.0
ALL002113,1,1,73,L,0.0
ALL002113,1,1,74,S,0.0
ALL002113,1,1,75,S,0.0
ALL002113,1,1,76,P,0.0
ALL002113,1,1,77,S,0.0
ALL002113,1,1,78,I,0.0
ALL002113,1,1,79,P,0.0
ALL002113,1,1,80,S,0.0
ALL002113,1,1,81,T,0.0
ALL002113,1,1,82,V,0.0
ALL002113,1,1,83,I,0.0
ALL002113,1,1,84,S,0.0
ALL002113,1,1,85,S,0.0
ALL002115,1,1,0,M,0.0
ALL002115,1,1,1,N,0.0
ALL002115,1,1,2,K,0.0
ALL002115,1,1,3,F,0.0
ALL002115,1,1,4,K,0.0
ALL002115,1,1,5,D,0.0
ALL002115,1,1,6,L,0.0
ALL002115,1,1,7,N,0.0
ALL002115,1,1,8,E,0.0
ALL002115,1,1,9,L,0.0
ALL002115,1,1,10,E,0.0
ALL002115,1,1,11,L,0.0
ALL002115,1,1,12,S,0.0
ALL002115,1,1,13,N,0.0
ALL002115,1,1,14,I,0.0
ALL002115,1,1,15,A,0.0
ALL002115,1,1,16,G,0.0
ALL002115,1,1,17,G,0.0
ALL002115,1,1,18,S,0.0
ALL002115,1,1,19,N,0.0
ALL002115,1,1,20,N,0.0
ALL002115,1,1,21,I,0.0
ALL002115,1,1,22,F,0.0
ALL002115,1,1,23,W,0.0
ALL002115,1,1,24,T,0.0
ALL002115,1,1,25,R,0.0
ALL002115,1,1,26,V,0.0
ALL002115,1,1,27,G,0.0
ALL002115,1,1,28,V,0.0
ALL002115,1,1,29,G,0.0
ALL002115,1,1,30,W,0.0
ALL002115,1,1,31,A,0.0
ALL002115,1,1,32,A,0.0
ALL002115,1,1,33,E,0.0
ALL002115,1,1,34,A,0.0
ALL002115,1,1,35,R,0.0
ALL002115,1,1,36,C,0.0
ALL002115,1,1,37,M,0.0
ALL002115,1,1,38,I,0.0
ALL002115,1,1,39,K,0.0
ALL002115,1,1,40,P,0.0
ALL002115,1,1,41,S,0.0
ALL002115,1,1,42,L,0.0
ALL002115,1,1,43,G,0.0
ALL002115,1,1,44,N,0.0
ALL002115,1,1,45,W,0.0
ALL002115,1,1,46,T,0.0
ALL002115,1,1,47,T,0.0
ALL002115,1,1,48,K,0.0
ALL002115,1,1,49,A,0.0
ALL002115,1,1,50,V,0.0
ALL002115,1,1,51,S,0.0
ALL002115,1,1,52,C,0.0
ALL002115,1,1,53,G,0.0
ALL002115,1,1,54,A,0.0
ALL002115,1,1,55,K,0.0
ALL002115,1,1,56,G,0.0
ALL002115,1,1,57,L,0.0
ALL002115,1,1,58,Y,0.0
ALL002115,1,1,59,A,0.0
ALL002115,1,1,60,A,0.0
ALL002115,1,1,61,V,0.0
ALL002115,1,1,62,R,0.0
ALL002115,1,1,63,G,0.0
ALL002125,1,1,0,V,0.0
ALL002125,1,1,1,M,0.0
ALL002125,1,1,2,G,0.0
ALL002125,1,1,3,T,0.0
ALL002125,1,1,4,V,0.0
ALL002125,1,1,5,K,0.0
ALL002125,1,1,6,D,0.0
ALL002125,1,1,7,L,0.0
ALL002125,1,1,8,L,0.0
ALL002125,1,1,9,I,0.0
ALL002125,1,1,10,G,0.0
ALL002125,1,1,11,A,0.0
ALL002125,1,1,12,G,0.0
ALL002125,1,1,13,K,0.0
ALL002125,1,1,14,S,0.0
ALL002125,1,1,15,A,0.0
ALL002125,1,1,16,A,0.0
ALL002125,1,1,17,Q,0.0
ALL002125,1,1,18,S,0.0
ALL002125,1,1,19,V,0.0
ALL002125,1,1,20,L,0.0
ALL002125,1,1,21,K,0.0
ALL002125,1,1,22,S,0.0
ALL002125,1,1,23,L,0.0
ALL002125,1,1,24,S,0.0
ALL002125,1,1,25,C,0.0
ALL002125,1,1,26,K,0.0
ALL002125,1,1,27,I,0.0
ALL002125,1,1,28,S,0.0
ALL002125,1,1,29,N,0.0
ALL002125,1,1,30,D,0.0
ALL002125,1,1,31,C,0.0
ALL002130,1,1,0,G,0.0
ALL002130,1,1,1,D,0.0
ALL002130,1,1,2,V,0.0
ALL002130,1,1,3,N,0.0
ALL002130,1,1,4,W,0.0
ALL002130,1,1,5,V,0.0
ALL002130,1,1,6,D,0.0
ALL002130,1,1,7,V,0.0
ALL002130,1,1,8,G,0.0
ALL002130,1,1,9,K,0.0
ALL002130,1,1,10,T,0.0
ALL002130,1,1,11,V,0.0
ALL002130,1,1,12,A,0.0
ALL002130,1,1,13,T,0.0
ALL002130,1,1,14,N,0.0
ALL002130,1,1,15,G,0.0
ALL002130,1,1,16,A,0.0
ALL002130,1,1,17,G,0.0
ALL002130,1,1,18,V,0.0
ALL002130,1,1,19,I,0.0
ALL002130,1,1,20,G,0.0
ALL002130,1,1,21,G,0.0
ALL002130,1,1,22,A,0.0
ALL002130,1,1,23,F,0.0
ALL002130,1,1,24,G,0.0
ALL002130,1,1,25,A,0.0
ALL002130,1,1,26,G,0.0
ALL002130,1,1,27,L,0.0
ALL002130,1,1,28,C,0.0
ALL002130,1,1,29,G,0.0
ALL002130,1,1,30,P,0.0
ALL002130,1,1,31,V,0.0
ALL002130,1,1,32,C,0.0
ALL002130,1,1,33,A,0.0
ALL002130,1,1,34,G,0.0
ALL002130,1,1,35,A,0.0
ALL002130,1,1,36,F,0.0
ALL002130,1,1,37,A,0.0
ALL002130,1,1,38,V,0.0
ALL002130,1,1,39,G,0.0
ALL002130,1,1,40,S,0.0
ALL002130,1,1,41,S,0.0
ALL002130,1,1,42,A,0.0
ALL002130,1,1,43,A,0.0
ALL002130,1,1,44,V,0.0
ALL002130,1,1,45,A,0.0
ALL002130,1,1,46,A,0.0
ALL002130,1,1,47,L,0.0
ALL002130,1,1,48,Y,0.0
ALL002130,1,1,49,D,0.0
ALL002130,1,1,50,A,0.0
ALL002130,1,1,51,A,0.0
ALL002130,1,1,52,G,0.0
ALL002130,1,1,53,N,0.0
ALL002130,1,1,54,S,0.0
ALL002130,1,1,55,N,0.0
ALL002130,1,1,56,S,0.0
ALL002130,1,1,57,A,0.0
ALL002130,1,1,58,K,0.0
ALL002130,1,1,59,Q,0.0
ALL002130,1,1,60,K,0.0
ALL002130,1,1,61,P,0.0
ALL002130,1,1,62,E,0.0
ALL002130,1,1,63,G,0.0
ALL002130,1,1,64,L,0.0
ALL002130,1,1,65,P,0.0
ALL002130,1,1,66,P,0.0
ALL002130,1,1,67,E,0.0
ALL002130,1,1,68,A,0.0
ALL002130,1,1,69,W,0.0
ALL002130,1,1,70,N,0.0
ALL002130,1,1,71,Y,0.0
ALL002130,1,1,72,A,0.0
ALL002130,1,1,73,E,0.0
ALL002130,1,1,74,G,0.0
ALL002130,1,1,75,R,0.0
ALL002130,1,1,76,M,0.0
ALL002130,1,1,77,C,0.0
ALL002130,1,1,78,N,0.0
ALL002130,1,1,79,W,0.0
ALL017732,1,1,0,L,5.0067901611328125e-06
ALL017732,1,1,1,S,4.410743713378906e-06
ALL017732,1,1,2,S,3.854433695475261e-06
ALL017732,1,1,3,A,2.9653310775756836e-06
ALL017732,1,1,4,N,2.3722648620605467e-06
ALL017732,1,1,5,F,1.9768873850504556e-06
ALL017732,1,1,6,P,1.694474901471819e-06
ALL017732,1,1,7,F,9.792191641671316e-07
ALL017732,1,1,8,C,4.3426241193498883e-07
ALL017732,1,1,9,L,4.257474626813616e-08
ALL017732,1,1,10,L,0.0
ALL017732,1,1,11,L,0.0
ALL017732,1,1,12,G,0.0
ALL017732,1,1,13,T,0.0
ALL017732,1,1,14,V,0.0
ALL017732,1,1,15,T,1.7029898507254463e-08
ALL017732,1,1,16,E,4.257474626813616e-08
ALL017732,1,1,17,Q,4.257474626813616e-08
ALL017732,1,1,18,L,5.108969552176339e-08
ALL017732,1,1,19,K,5.108969552176339e-08
ALL017732,1,1,20,R,5.108969552176339e-08
ALL017732,1,1,21,C,5.108969552176339e-08
ALL017732,1,1,22,W,3.4059797014508927e-08
ALL017732,1,1,23,D,8.514949253627232e-09
ALL017732,1,1,24,D,8.514949253627232e-09
ALL017732,1,1,25,Y,1.0217939104352678e-07
ALL017732,1,1,26,V,1.2772423880440848e-07
ALL017732,1,1,27,Q,1.2772423880440848e-07
ALL017732,1,1,28,G,0.00010377168655395508
ALL017732,1,1,29,H,0.0002795372690473284
ALL017732,1,1,30,C,0.0002886482647487095
ALL017732,1,1,31,R,0.0002886482647487095
ALL017732,1,1,32,K,0.0002885716302054269
ALL017732,1,1,33,I,0.0002885631152561733
ALL017732,1,1,34,C,0.00028858866010393413
ALL017732,1,1,35,K,0.00018496172768729075
ALL017732,1,1,36,A,9.19614519391741e-06
ALL017732,1,1,37,T,8.514949253627232e-08
ALL017732,1,1,38,E,8.514949253627232e-08
ALL017732,1,1,39,I,5.960464477539063e-08
ALL017732,1,1,40,R,4.257474626813616e-08
ALL017732,1,1,41,E,1.7029898507254463e-08
ALL017732,1,1,42,I,0.0
ALL017732,1,1,43,L,0.0
ALL017732,1,1,44,C,2.5544847760881695e-08
ALL017732,1,1,45,A,2.5544847760881695e-08
ALL017732,1,1,46,N,5.108969552176339e-08
ALL017732,1,1,47,G,7.66345432826451e-08
ALL017732,1,1,48,R,1.0217939104352678e-07
ALL017732,1,1,49,Y,1.1069434029715402e-07
ALL017732,1,1,50,C,1.2772423880440848e-07
ALL017732,1,1,51,C,1.0217939104352678e-07
ALL017732,1,1,52,L,1.362391880580357e-07
ALL017732,1,1,53,S,1.1069434029715402e-07
ALL017732,1,1,54,I,8.514949253627232e-08
ALL017732,1,1,55,K,7.66345432826451e-08
ALL017732,1,1,56,D,6.811959402901785e-08
ALL017732,1,1,57,V,5.108969552176339e-08
ALL017732,1,1,58,K,5.108969552176339e-08
ALL017732,1,1,59,A,1.7029898507254463e-08
ALL017732,1,1,60,R,1.7029898507254463e-08
ALL017732,1,1,61,K,1.7029898507254463e-08
ALL017732,1,1,62,V,0.0
ALL017732,1,1,63,I,0.0
ALL017732,1,1,64,T,8.514949253627232e-09
ALL017732,1,1,65,R,1.7029898507254463e-08
ALL017732,1,1,66,A,2.5544847760881695e-08
ALL017732,1,1,67,P,4.257474626813616e-08
ALL017732,1,1,68,R,4.257474626813616e-08
ALL017732,1,1,69,P,4.257474626813616e-08
ALL017732,1,1,70,K,4.257474626813616e-08
ALL017732,1,1,71,P,3.4059797014508927e-08
ALL017732,1,1,72,R,2.5544847760881695e-08
ALL017732,1,1,73,T,1.7029898507254463e-08
ALL017732,1,1,74,Q,0.0
ALL017732,1,1,75,A,0.0
ALL017732,1,1,76,Y,0.0
ALL017732,1,1,77,T,0.0
ALL017732,1,1,78,F,0.0
ALL017732,1,1,79,P,0.0
ALL017732,1,1,80,Q,0.0
ALL017732,1,1,81,D,1.7029898507254463e-08
ALL017732,1,1,82,Q,1.7029898507254463e-08
ALL017732,1,1,83,F,4.257474626813616e-08
ALL017732,1,1,84,P,5.108969552176339e-08
ALL017732,1,1,85,T,7.66345432826451e-08
ALL017732,1,1,86,L,1.0217939104352678e-07
ALL017732,1,1,87,E,1.1069434029715402e-07
ALL017732,1,1,88,N,1.0927518208821614e-07
ALL017732,1,1,89,Y,1.3113021850585939e-07
ALL017732,1,1,90,A,1.1920928955078125e-07
ALL017732,1,1,91,I,1.3907750447591147e-07
ALL017732,1,1,92,S,1.1920928955078125e-07
ALL017732,1,1,93,N,5.960464477539063e-08
ALL008185,1,1,0,M,0.0
ALL008185,1,1,1,K,0.0
ALL008185,1,1,2,T,0.0
ALL008185,1,1,3,F,0.0
ALL008185,1,1,4,S,0.0
ALL008185,1,1,5,V,0.0
ALL008185,1,1,6,A,0.0
ALL008185,1,1,7,V,0.0
ALL008185,1,1,8,V,0.0
ALL008185,1,1,9,A,0.0
ALL008185,1,1,10,A,0.0
ALL008185,1,1,11,V,0.0
ALL008185,1,1,12,L,0.0
ALL008185,1,1,13,L,0.0
ALL008185,1,1,14,A,0.0
ALL008185,1,1,15,L,0.0
ALL008185,1,1,16,I,0.0
ALL008185,1,1,17,C,0.0
ALL008185,1,1,18,L,0.0
ALL008185,1,1,19,Q,0.0
ALL008185,1,1,20,E,0.0
ALL008185,1,1,21,S,0.0
ALL008185,1,1,22,S,0.0
ALL008185,1,1,23,A,0.0
ALL008185,1,1,24,L,0.0
ALL008185,1,1,25,P,0.0
ALL008185,1,1,26,L,0.0
ALL008185,1,1,27,S,0.0
ALL008185,1,1,28,E,0.0
ALL008185,1,1,29,V,0.0
ALL008185,1,1,30,E,0.0
ALL008185,1,1,31,D,0.0
ALL008185,1,1,32,V,0.0
ALL008185,1,1,33,E,0.0
ALL008185,1,1,34,V,0.0
ALL008185,1,1,35,P,0.0
ALL008185,1,1,36,V,0.0
ALL008185,1,1,37,M,0.0
ALL008185,1,1,38,D,0.0
ALL008185,1,1,39,D,0.0
ALL008185,1,1,40,N,0.0
ALL008185,1,1,41,G,0.0
ALL008185,1,1,42,A,0.0
ALL008185,1,1,43,V,0.0
ALL008185,1,1,44,V,0.0
ALL008185,1,1,45,P,0.0
ALL008185,1,1,46,L,0.0
ALL008185,1,1,47,Y,0.0
ALL008185,1,1,48,E,0.0
ALL008185,1,1,49,E,0.0
ALL008185,1,1,50,M,0.0
ALL008185,1,1,51,P,0.0
ALL008185,1,1,52,V,0.0
ALL008185,1,1,53,D,0.0
ALL008185,1,1,54,S,0.0
ALL008185,1,1,55,W,0.0
ALL008185,1,1,56,T,0.0
ALL008185,1,1,57,M,0.0
ALL008185,1,1,58,P,0.0
ALL008185,1,1,59,Y,0.0
ALL008185,1,1,60,T,0.0
ALL008185,1,1,61,N,0.0
ALL008185,1,1,62,R,0.0
ALL008185,1,1,63,P,0.0
ALL008185,1,1,64,K,0.0
ALL008185,1,1,65,Q,0.0
ALL008185,1,1,66,S,0.0
ALL008185,1,1,67,P,0.0
ALL008185,1,1,68,K,0.0
ALL008185,1,1,69,H,0.0
ALL008185,1,1,70,C,0.0
ALL008185,1,1,71,R,0.0
ALL008185,1,1,72,L,0.0
ALL008185,1,1,73,C,0.0
ALL008185,1,1,74,C,0.0
ALL008185,1,1,75,R,0.0
ALL008185,1,1,76,C,0.0
ALL008185,1,1,77,C,0.0
ALL008185,1,1,78,P,0.0
ALL008185,1,1,79,G,0.0
ALL008185,1,1,80,M,0.0
ALL008185,1,1,81,R,0.0
ALL008185,1,1,82,G,0.0
ALL008185,1,1,83,C,0.0
ALL008185,1,1,84,G,0.0
ALL008185,1,1,85,I,0.0
ALL008185,1,1,86,C,0.0
ALL008185,1,1,87,C,0.0
ALL008185,1,1,88,R,0.0
ALL008185,1,1,89,F,0.0
ALL008054,1,1,0,M,0.0
ALL008054,1,1,1,K,0.0
ALL008054,1,1,2,Q,0.0
ALL008054,1,1,3,Y,0.0
ALL008054,1,1,4,N,0.0
ALL008054,1,1,5,G,0.0
ALL008054,1,1,6,F,0.0
ALL008054,1,1,7,E,0.0
ALL008054,1,1,8,V,0.0
ALL008054,1,1,9,L,0.0
ALL008054,1,1,10,H,0.0
ALL008054,1,1,11,E,0.0
ALL008054,1,1,12,L,0.0
ALL008054,1,1,13,D,0.0
ALL008054,1,1,14,L,0.0
ALL008054,1,1,15,A,0.0
ALL008054,1,1,16,N,0.0
ALL008054,1,1,17,V,0.0
ALL008054,1,1,18,T,0.0
ALL008054,1,1,19,G,0.0
ALL008054,1,1,20,G,0.0
ALL008054,1,1,21,Q,0.0
ALL008054,1,1,22,I,0.0
ALL008054,1,1,23,N,0.0
ALL008054,1,1,24,W,0.0
ALL008054,1,1,25,G,0.0
ALL008054,1,1,26,S,0.0
ALL008054,1,1,27,V,0.0
ALL008054,1,1,28,V,0.0
ALL008054,1,1,29,G,0.0
ALL008054,1,1,30,H,0.0
ALL008054,1,1,31,C,0.0
ALL008054,1,1,32,I,0.0
ALL008054,1,1,33,G,0.0
ALL008054,1,1,34,G,0.0
ALL008054,1,1,35,A,0.0
ALL008054,1,1,36,I,0.0
ALL008054,1,1,37,I,0.0
ALL008054,1,1,38,G,0.0
ALL008054,1,1,39,G,0.0
ALL008054,1,1,40,A,0.0
ALL008054,1,1,41,F,0.0
ALL008054,1,1,42,S,0.0
ALL008054,1,1,43,G,0.0
ALL008054,1,1,44,G,0.0
ALL008054,1,1,45,A,0.0
ALL008054,1,1,46,A,0.0
ALL008054,1,1,47,A,0.0
ALL008054,1,1,48,G,0.0
ALL008054,1,1,49,V,0.0
ALL008054,1,1,50,G,0.0
ALL008054,1,1,51,C,0.0
ALL008054,1,1,52,L,0.0
ALL008054,1,1,53,V,0.0
ALL008054,1,1,54,G,0.0
ALL008054,1,1,55,S,0.0
ALL008054,1,1,56,G,0.0
ALL008054,1,1,57,K,0.0
ALL008054,1,1,58,A,0.0
ALL008054,1,1,59,I,0.0
ALL008054,1,1,60,I,0.0
ALL008054,1,1,61,N,0.0
ALL008054,1,1,62,G,0.0
ALL008054,1,1,63,L,0.0
ALL008031,1,1,0,T,0.0
ALL008031,1,1,1,C,0.0
ALL008031,1,1,2,T,0.0
ALL008031,1,1,3,R,1.4901161193847656e-08
ALL008031,1,1,4,T,1.1920928955078126e-08
ALL008031,1,1,5,L,9.934107462565104e-09
ALL008031,1,1,6,S,1.7029898507254463e-08
ALL008031,1,1,7,V,3.4059797014508927e-08
ALL008031,1,1,8,V,1.362391880580357e-07
ALL008031,1,1,9,A,3.5762786865234375e-07
ALL008031,1,1,10,V,9.366444178989955e-07
ALL008031,1,1,11,A,1.0728836059570312e-06
ALL008031,1,1,12,V,1.243182591029576e-06
ALL008031,1,1,13,M,1.2857573372977121e-06
ALL008031,1,1,14,L,1.2772423880440847e-06
ALL008031,1,1,15,I,1.175062997000558e-06
ALL008031,1,1,16,F,9.5367431640625e-07
ALL008031,1,1,17,I,3.66142817905971e-07
ALL008031,1,1,18,C,2.2990362984793527e-07
ALL008031,1,1,19,I,5.960464477539063e-08
ALL008031,1,1,20,R,8.514949253627232e-09
ALL008031,1,1,21,E,0.0
ALL008031,1,1,22,R,0.0
ALL008031,1,1,23,Y,0.0
ALL008031,1,1,24,S,0.0
ALL008031,1,1,25,F,0.0
ALL008031,1,1,26,P,0.0
ALL008031,1,1,27,F,0.0
ALL008031,1,1,28,T,8.514949253627232e-09
ALL008031,1,1,29,E,5.960464477539063e-08
ALL008031,1,1,30,V,7.66345432826451e-08
ALL008031,1,1,31,Q,1.362391880580357e-07
ALL008031,1,1,32,E,2.0435878208705356e-07
ALL008031,1,1,33,Q,2.2138868059430804e-07
ALL008031,1,1,34,E,2.639634268624442e-07
ALL008031,1,1,35,E,2.5544847760881696e-07
ALL008031,1,1,36,A,2.0435878208705356e-07
ALL008031,1,1,37,G,1.873288835797991e-07
ALL008031,1,1,38,T,1.2772423880440848e-07
ALL008031,1,1,39,R,5.960464477539063e-08
ALL008031,1,1,40,G,4.257474626813616e-08
ALL008031,1,1,41,N,0.0
ALL008031,1,1,42,A,0.0
ALL008031,1,1,43,V,8.514949253627232e-09
ALL008031,1,1,44,V,1.7029898507254463e-08
ALL008031,1,1,45,A,2.5544847760881695e-08
ALL008031,1,1,46,H,3.4059797014508927e-08
ALL008031,1,1,47,P,4.257474626813616e-08
ALL008031,1,1,48,E,4.257474626813616e-08
ALL008031,1,1,49,K,4.257474626813616e-08
ALL008031,1,1,50,A,3.4059797014508927e-08
ALL008031,1,1,51,M,2.5544847760881695e-08
ALL008031,1,1,52,A,1.7029898507254463e-08
ALL008031,1,1,53,S,8.514949253627232e-09
ALL008031,1,1,54,G,0.0
ALL008031,1,1,55,M,0.0
ALL008031,1,1,56,R,0.0
ALL008031,1,1,57,I,0.0
ALL008031,1,1,58,N,4.257474626813616e-08
ALL008031,1,1,59,H,4.853521074567522e-07
ALL008031,1,1,60,I,8.344650268554688e-07
ALL008031,1,1,61,S,1.030308859688895e-06
ALL008031,1,1,62,L,2.350125994001116e-06
ALL008031,1,1,63,K,4.955700465611049e-06
ALL008031,1,1,64,R,5.909374782017299e-06
ALL008031,1,1,65,Y,6.232942853655134e-06
ALL008031,1,1,66,S,6.939683641706194e-06
ALL008031,1,1,67,Y,7.041863032749721e-06
ALL008031,1,1,68,I,0.0001258509499686105
ALL008031,1,1,69,Y,0.018009841442108154
ALL008031,1,1,70,L,0.019188659531729563
ALL008031,1,1,71,C,0.019315992082868303
ALL008031,1,1,72,L,0.02050656931740897
ALL008031,1,1,73,Y,0.023158729076385498
ALL008031,1,1,74,C,0.025688239506312778
ALL008031,1,1,75,C,0.025569490024021695
ALL008031,1,1,76,A,0.007688616003308978
ALL008031,1,1,77,C,0.0066141486167907715
ALL008031,1,1,78,C,0.006488425391060966
ALL008031,1,1,79,K,0.005297490528651646
ALL008031,1,1,80,N,0.002644181251525879
ALL008031,1,1,81,Y,0.00011421952928815569
ALL008031,1,1,82,K,0.00011396408081054688
ALL008031,1,1,83,G,0.00010977472577776228
ALL008031,1,1,84,W,2.8184482029506138e-06
ALL008031,1,1,85,G,2.980232238769531e-07
ALL008031,1,1,86,M,3.457069396972656e-07
ALL008031,1,1,87,C,4.3213367462158203e-07
ALL008031,1,1,88,S,5.76178232828776e-07
ALL008031,1,1,89,R,8.642673492431641e-07
ALL008031,1,1,90,F,0.0
ALL002237,1,1,0,E,0.0
ALL002237,1,1,1,A,5.960464477539063e-08
ALL002237,1,1,2,R,1.3907750447591147e-07
ALL002237,1,1,3,P,1.4901161193847656e-07
ALL002237,1,1,4,Q,2.6226043701171877e-07
ALL002237,1,1,5,Q,2.582867940266927e-07
ALL002237,1,1,6,N,2.639634268624442e-07
ALL002237,1,1,7,S,2.639634268624442e-07
ALL002237,1,1,8,I,2.4693352835518975e-07
ALL002237,1,1,9,S,2.0435878208705356e-07
ALL002237,1,1,10,L,1.7881393432617188e-07
ALL002237,1,1,11,E,7.66345432826451e-08
ALL002237,1,1,12,G,4.257474626813616e-08
ALL002237,1,1,13,V,0.0
ALL002237,1,1,14,K,0.0
ALL002237,1,1,15,P,0.0
ALL002237,1,1,16,L,0.0
ALL002237,1,1,17,S,2.5544847760881695e-08
ALL002237,1,1,18,G,4.257474626813616e-08
ALL002237,1,1,19,P,5.960464477539063e-08
ALL002237,1,1,20,N,5.960464477539063e-08
ALL002237,1,1,21,R,5.960464477539063e-08
ALL002237,1,1,22,Q,7.66345432826451e-08
ALL002237,1,1,23,P,7.66345432826451e-08
ALL002237,1,1,24,S,5.108969552176339e-08
ALL002237,1,1,25,L,5.108969552176339e-08
ALL002237,1,1,26,D,3.4059797014508927e-08
ALL002237,1,1,27,L,5.108969552176339e-08
ALL002237,1,1,28,N,5.108969552176339e-08
ALL002237,1,1,29,Y,3.4059797014508927e-08
ALL002237,1,1,30,N,3.4059797014508927e-08
ALL002237,1,1,31,H,3.4059797014508927e-08
ALL002237,1,1,32,R,1.7029898507254463e-08
ALL002237,1,1,33,I,1.7029898507254463e-08
ALL002237,1,1,34,F,1.7029898507254463e-08
ALL002237,1,1,35,E,3.4059797014508927e-08
ALL002237,1,1,36,D,5.108969552176339e-08
ALL002237,1,1,37,H,8.514949253627232e-08
ALL002237,1,1,38,R,1.0217939104352678e-07
ALL002237,1,1,39,G,1.1920928955078125e-07
ALL002237,1,1,40,N,1.1920928955078125e-07
ALL002237,1,1,41,L,1.0217939104352678e-07
ALL002237,1,1,42,D,1.0217939104352678e-07
ALL002237,1,1,43,A,8.514949253627232e-08
ALL002237,1,1,44,Y,5.108969552176339e-08
ALL002237,1,1,45,G,6.811959402901785e-08
ALL002237,1,1,46,G,6.811959402901785e-08
ALL002237,1,1,47,A,6.811959402901785e-08
ALL002237,1,1,48,N,6.811959402901785e-08
ALL002237,1,1,49,W,5.108969552176339e-08
ALL002237,1,1,50,A,5.108969552176339e-08
ALL002237,1,1,51,P,5.108969552176339e-08
ALL002237,1,1,52,G,1.7029898507254463e-08
ALL002237,1,1,53,R,0.0
ALL002237,1,1,54,L,0.0
ALL002237,1,1,55,S,0.0
ALL002237,1,1,56,P,0.0
ALL002237,1,1,57,H,0.0
ALL002237,1,1,58,A,0.0
ALL002237,1,1,59,G,0.0
ALL002237,1,1,60,L,0.0
ALL002237,1,1,61,K,0.0
ALL002237,1,1,62,F,0.0
ALL002237,1,1,63,E,0.0
ALL002237,1,1,64,R,0.0
ALL002237,1,1,65,N,0.0
ALL002237,1,1,66,Y,0.0
ALL002237,1,1,67,G,0.0
ALL002237,1,1,68,N,0.0
ALL002237,1,1,69,G,0.0
ALL002237,1,1,70,F,0.0
ALL002237,1,1,71,I,0.0
ALL002237,1,1,72,G,0.0
ALL002237,1,1,73,G,0.0
ALL002237,1,1,74,H,0.0
ALL002237,1,1,75,G,0.0
ALL002237,1,1,76,Q,0.0
ALL002237,1,1,77,V,0.0
ALL002237,1,1,78,Q,1.7029898507254463e-08
ALL002237,1,1,79,P,3.4059797014508927e-08
ALL002237,1,1,80,G,4.257474626813616e-08
ALL002237,1,1,81,P,4.257474626813616e-08
ALL002237,1,1,82,G,4.257474626813616e-08
ALL002237,1,1,83,G,4.257474626813616e-08
ALL002237,1,1,84,R,4.257474626813616e-08
ALL002237,1,1,85,M,2.5544847760881695e-08
ALL002237,1,1,86,D,8.514949253627232e-09
ALL002237,1,1,87,P,0.0
ALL002237,1,1,88,S,0.0
ALL002237,1,1,89,I,0.0
ALL002237,1,1,90,G,0.0
ALL002237,1,1,91,I,0.0
ALL002237,1,1,92,H,0.0
ALL002237,1,1,93,G,0.0
ALL002237,1,1,94,G,0.0
ALL002237,1,1,95,F,0.0
ALL002237,1,1,96,R,0.0
ALL002237,1,1,97,F,0.0
ALL007927,1,1,0,M,0.0
ALL007927,1,1,1,E,0.0
ALL007927,1,1,2,N,0.0
ALL007927,1,1,3,L,0.0
ALL007927,1,1,4,Q,0.0
ALL007927,1,1,5,M,0.0
ALL007927,1,1,6,L,0.0
ALL007927,1,1,7,T,0.0
ALL007927,1,1,8,E,0.0
ALL007927,1,1,9,E,0.0
ALL007927,1,1,10,E,0.0
ALL007927,1,1,11,L,0.0
ALL007927,1,1,12,M,0.0
ALL007927,1,1,13,E,0.0
ALL007927,1,1,14,I,0.0
ALL007927,1,1,15,E,0.0
ALL007927,1,1,16,G,0.0
ALL007927,1,1,17,G,0.0
ALL007927,1,1,18,G,0.0
ALL007927,1,1,19,W,0.0
ALL007927,1,1,20,W,0.0
ALL007927,1,1,21,N,0.0
ALL007927,1,1,22,S,0.0
ALL007927,1,1,23,W,0.0
ALL007927,1,1,24,G,0.0
ALL007927,1,1,25,K,0.0
ALL007927,1,1,26,C,0.0
ALL007927,1,1,27,V,0.0
ALL007927,1,1,28,A,0.0
ALL007927,1,1,29,G,0.0
ALL007927,1,1,30,T,0.0
ALL007927,1,1,31,I,0.0
ALL007927,1,1,32,G,0.0
ALL007927,1,1,33,G,0.0
ALL007927,1,1,34,A,0.0
ALL007927,1,1,35,G,0.0
ALL007927,1,1,36,T,0.0
ALL007927,1,1,37,G,0.0
ALL007927,1,1,38,G,0.0
ALL007927,1,1,39,L,0.0
ALL007927,1,1,40,G,0.0
ALL007927,1,1,41,G,0.0
ALL007927,1,1,42,A,0.0
ALL007927,1,1,43,A,0.0
ALL007927,1,1,44,A,0.0
ALL007927,1,1,45,G,0.0
ALL007927,1,1,46,S,0.0
ALL007927,1,1,47,A,0.0
ALL007927,1,1,48,V,0.0
ALL007927,1,1,49,P,0.0
ALL007927,1,1,50,V,0.0
ALL007927,1,1,51,I,0.0
ALL007927,1,1,52,G,0.0
ALL007927,1,1,53,T,0.0
ALL007927,1,1,54,G,0.0
ALL007927,1,1,55,I,0.0
ALL007927,1,1,56,G,0.0
ALL007927,1,1,57,G,0.0
ALL007927,1,1,58,A,0.0
ALL007927,1,1,59,I,0.0
ALL007927,1,1,60,G,0.0
ALL007927,1,1,61,G,0.0
ALL007927,1,1,62,V,0.0
ALL007927,1,1,63,S,0.0
ALL007927,1,1,64,G,0.0
ALL007927,1,1,65,G,0.0
ALL007927,1,1,66,L,0.0
ALL007927,1,1,67,T,0.0
ALL007927,1,1,68,G,0.0
ALL007927,1,1,69,A,0.0
ALL007927,1,1,70,A,0.0
ALL007927,1,1,71,T,0.0
ALL007927,1,1,72,F,0.0
ALL007927,1,1,73,C,0.0
ALL002244,1,1,0,E,5.960464477539062e-07
ALL002244,1,1,1,D,2.980232238769531e-07
ALL002244,1,1,2,M,1.986821492513021e-07
ALL002244,1,1,3,N,1.4901161193847656e-07
ALL002244,1,1,4,Q,1.1920928955078125e-07
ALL002244,1,1,5,K,9.934107462565105e-08
ALL002244,1,1,6,L,8.514949253627232e-08
ALL002244,1,1,7,F,0.0
ALL002244,1,1,8,D,0.0
ALL002244,1,1,9,L,2.5544847760881695e-08
ALL002244,1,1,10,R,2.980232238769531e-07
ALL002244,1,1,11,G,2.980232238769531e-07
ALL002244,1,1,12,K,2.980232238769531e-07
ALL002244,1,1,13,F,2.980232238769531e-07
ALL002244,1,1,14,K,2.980232238769531e-07
ALL002244,1,1,15,R,2.980232238769531e-07
ALL002244,1,1,16,P,2.724783761160714e-07
ALL002244,1,1,17,P,0.0
ALL002244,1,1,18,L,2.0435878208705356e-07
ALL002244,1,1,19,R,2.2138868059430804e-07
ALL002244,1,1,20,R,2.2138868059430804e-07
ALL002244,1,1,21,V,2.2138868059430804e-07
ALL002244,1,1,22,R,2.980232238769531e-07
ALL002244,1,1,23,M,2.980232238769531e-07
ALL002244,1,1,24,S,3.4769376118977863e-07
ALL002244,1,1,25,A,1.3113021850585939e-07
ALL002244,1,1,26,D,1.341104507446289e-07
ALL002244,1,1,27,A,1.7881393432617188e-07
ALL002244,1,1,28,M,2.682209014892578e-07
ALL002244,1,1,29,L,0.0
ALL007671,1,1,0,M,0.0
ALL007671,1,1,1,V,0.0
ALL007671,1,1,2,I,0.0
ALL007671,1,1,3,V,0.0
ALL007671,1,1,4,S,0.0
ALL007671,1,1,5,R,0.0
ALL007671,1,1,6,L,0.0
ALL007671,1,1,7,Q,0.0
ALL007671,1,1,8,N,0.0
ALL007671,1,1,9,K,0.0
ALL007671,1,1,10,L,0.0
ALL007671,1,1,11,T,0.0
ALL007671,1,1,12,F,0.0
ALL007671,1,1,13,K,0.0
ALL007671,1,1,14,R,0.0
ALL007671,1,1,15,R,0.0
ALL007671,1,1,16,S,0.0
ALL007671,1,1,17,V,0.0
ALL007671,1,1,18,A,0.0
ALL007671,1,1,19,T,0.0
ALL007671,1,1,20,S,0.0
ALL007671,1,1,21,C,0.0
ALL007671,1,1,22,P,0.0
ALL007671,1,1,23,R,0.0
ALL007671,1,1,24,N,0.0
ALL007671,1,1,25,C,0.0
ALL007671,1,1,26,T,0.0
ALL007671,1,1,27,M,0.0
ALL007671,1,1,28,K,0.0
ALL007671,1,1,29,F,0.0
ALL007671,1,1,30,H,0.0
ALL007671,1,1,31,L,0.0
ALL007671,1,1,32,L,0.0
ALL007671,1,1,33,F,0.0
ALL007671,1,1,34,F,0.0
ALL007671,1,1,35,I,0.0
ALL007671,1,1,36,L,0.0
ALL007671,1,1,37,L,0.0
ALL007671,1,1,38,F,0.0
ALL007671,1,1,39,S,0.0
ALL007671,1,1,40,I,0.0
ALL007671,1,1,41,T,0.0
ALL007671,1,1,42,I,0.0
ALL007671,1,1,43,L,0.0
ALL007671,1,1,44,T,0.0
ALL007671,1,1,45,G,0.0
ALL007671,1,1,46,K,0.0
ALL007671,1,1,47,R,0.0
ALL007671,1,1,48,S,0.0
ALL007671,1,1,49,Y,0.0
ALL007671,1,1,50,P,0.0
ALL007671,1,1,51,E,0.0
ALL007671,1,1,52,Y,0.0
ALL007671,1,1,53,G,0.0
ALL007671,1,1,54,S,0.0
ALL007671,1,1,55,L,0.0
ALL007671,1,1,56,D,1.7029898507254463e-08
ALL007671,1,1,57,L,1.7029898507254463e-08
ALL007671,1,1,58,R,4.257474626813616e-08
ALL007671,1,1,59,K,4.257474626813616e-08
ALL007671,1,1,60,E,4.257474626813616e-08
ALL007671,1,1,61,C,4.257474626813616e-08
ALL007671,1,1,62,R,6.811959402901785e-08
ALL007671,1,1,63,M,8.514949253627232e-08
ALL007671,1,1,64,S,1.1069434029715402e-07
ALL007671,1,1,65,K,9.366444178989955e-08
ALL007671,1,1,66,G,9.366444178989955e-08
ALL007671,1,1,67,H,9.366444178989955e-08
ALL007671,1,1,68,C,9.366444178989955e-08
ALL007671,1,1,69,K,6.811959402901785e-08
ALL007671,1,1,70,L,3.4059797014508927e-08
ALL007671,1,1,71,Q,8.514949253627232e-09
ALL007671,1,1,72,C,0.0
ALL007671,1,1,73,S,0.0
ALL007671,1,1,74,E,0.0
ALL007671,1,1,75,N,0.0
ALL007671,1,1,76,E,0.0
ALL007671,1,1,77,I,0.0
ALL007671,1,1,78,R,0.0
ALL007671,1,1,79,I,0.0
ALL007671,1,1,80,A,0.0
ALL007671,1,1,81,F,0.0
ALL007671,1,1,82,C,0.0
ALL007671,1,1,83,I,0.0
ALL007671,1,1,84,R,0.0
ALL007671,1,1,85,P,0.0
ALL007671,1,1,86,G,0.0
ALL007671,1,1,87,T,0.0
ALL007671,1,1,88,H,0.0
ALL007671,1,1,89,C,0.0
ALL007671,1,1,90,C,0.0
ALL007671,1,1,91,I,0.0
ALL007365,1,1,0,M,0.0
ALL007365,1,1,1,K,0.0
ALL007365,1,1,2,G,0.0
ALL007365,1,1,3,L,0.0
ALL007365,1,1,4,S,0.0
ALL007365,1,1,5,L,0.0
ALL007365,1,1,6,V,0.0
ALL007365,1,1,7,L,0.0
ALL007365,1,1,8,L,0.0
ALL007365,1,1,9,V,0.0
ALL007365,1,1,10,L,0.0
ALL007365,1,1,11,L,0.0
ALL007365,1,1,12,L,0.0
ALL007365,1,1,13,M,0.0
ALL007365,1,1,14,L,0.0
ALL007365,1,1,15,A,0.0
ALL007365,1,1,16,A,0.0
ALL007365,1,1,17,G,0.0
ALL007365,1,1,18,E,0.0
ALL007365,1,1,19,D,0.0
ALL007365,1,1,20,S,0.0
ALL007365,1,1,21,D,0.0
ALL007365,1,1,22,S,0.0
ALL007365,1,1,23,E,0.0
ALL007365,1,1,24,M,0.0
ALL007365,1,1,25,Q,0.0
ALL007365,1,1,26,Y,0.0
ALL007365,1,1,27,W,0.0
ALL007365,1,1,28,T,0.0
ALL007365,1,1,29,C,0.0
ALL007365,1,1,30,G,0.0
ALL007365,1,1,31,Y,3.4059797014508927e-08
ALL007365,1,1,32,R,5.108969552176339e-08
ALL007365,1,1,33,G,2.384185791015625e-07
ALL007365,1,1,34,L,2.384185791015625e-07
ALL007365,1,1,35,C,2.384185791015625e-07
ALL007365,1,1,36,R,2.384185791015625e-07
ALL007365,1,1,37,R,2.5544847760881696e-07
ALL007365,1,1,38,F,2.5544847760881696e-07
ALL007365,1,1,39,C,4.172325134277344e-07
ALL007365,1,1,40,Y,6.21591295514788e-07
ALL007365,1,1,41,A,9.962490626743862e-07
ALL007365,1,1,42,Q,1.2857573372977121e-06
ALL007365,1,1,43,E,1.4219965253557478e-06
ALL007365,1,1,44,Y,1.4049666268484934e-06
ALL007365,1,1,45,T,1.3709068298339844e-06
ALL007365,1,1,46,V,1.1920928955078125e-06
ALL007365,1,1,47,G,8.004052298409598e-07
ALL007365,1,1,48,H,4.2574746268136163e-07
ALL007365,1,1,49,H,1.362391880580357e-07
ALL007365,1,1,50,G,0.0
ALL007365,1,1,51,C,0.0
ALL007365,1,1,52,P,0.0
ALL007365,1,1,53,R,0.0
ALL007365,1,1,54,R,0.0
ALL007365,1,1,55,Y,0.0
ALL007365,1,1,56,R,0.0
ALL007365,1,1,57,C,0.0
ALL007365,1,1,58,C,0.0
ALL007365,1,1,59,A,0.0
ALL007365,1,1,60,T,0.0
ALL007365,1,1,61,R,0.0
ALL007365,1,1,62,P,0.0
ALL007321,1,1,0,E,0.0
ALL007321,1,1,1,Q,0.0
ALL007321,1,1,2,E,0.0
ALL007321,1,1,3,R,0.0
ALL007321,1,1,4,D,0.0
ALL007321,1,1,5,A,0.0
ALL007321,1,1,6,D,0.0
ALL007321,1,1,7,E,0.0
ALL007321,1,1,8,E,0.0
ALL007321,1,1,9,E,0.0
ALL007321,1,1,10,R,0.0
ALL007321,1,1,11,R,0.0
ALL007321,1,1,12,D,0.0
ALL007321,1,1,13,D,0.0
ALL007321,1,1,14,D,0.0
ALL007321,1,1,15,E,0.0
ALL007321,1,1,16,M,0.0
ALL007321,1,1,17,D,0.0
ALL007321,1,1,18,V,0.0
ALL007321,1,1,19,E,0.0
ALL007321,1,1,20,V,0.0
ALL007321,1,1,21,E,0.0
ALL007321,1,1,22,K,0.0
ALL007321,1,1,23,R,0.0
ALL007321,1,1,24,F,0.0
ALL007321,1,1,25,L,0.0
ALL007321,1,1,26,P,0.0
ALL007321,1,1,27,L,0.0
ALL007321,1,1,28,A,0.0
ALL007321,1,1,29,V,0.0
ALL007321,1,1,30,S,0.0
ALL007321,1,1,31,L,0.0
ALL007321,1,1,32,A,0.0
ALL007321,1,1,33,A,0.0
ALL007321,1,1,34,N,0.0
ALL007321,1,1,35,F,0.0
ALL007321,1,1,36,L,0.0
ALL007321,1,1,37,P,0.0
ALL007321,1,1,38,K,0.0
ALL007321,1,1,39,L,0.0
ALL007321,1,1,40,F,0.0
ALL007321,1,1,41,C,0.0
ALL007321,1,1,42,K,0.0
ALL007321,1,1,43,I,0.0
ALL007321,1,1,44,T,0.0
ALL007321,1,1,45,K,0.0
ALL007321,1,1,46,K,0.0
ALL007321,1,1,47,C,0.0
ALL020302,1,1,0,M,0.0
ALL020302,1,1,1,V,0.0
ALL020302,1,1,2,S,0.0
ALL020302,1,1,3,A,1.6093254089355469e-06
ALL020302,1,1,4,A,1.2874603271484376e-06
ALL020302,1,1,5,K,1.0728836059570312e-06
ALL020302,1,1,6,V,9.196145193917411e-07
ALL020302,1,1,7,A,9.196145193917411e-07
ALL020302,1,1,8,L,9.196145193917411e-07
ALL020302,1,1,9,K,9.196145193917411e-07
ALL020302,1,1,10,V,0.0
ALL020302,1,1,11,G,1.1920928955078125e-07
ALL020302,1,1,12,W,1.1920928955078125e-07
ALL020302,1,1,13,G,1.1920928955078125e-07
ALL020302,1,1,14,L,1.1920928955078125e-07
ALL020302,1,1,15,V,1.1920928955078125e-07
ALL020302,1,1,16,K,1.9584383283342633e-07
ALL020302,1,1,17,K,1.9584383283342633e-07
ALL020302,1,1,18,Y,7.66345432826451e-08
ALL020302,1,1,19,Y,7.66345432826451e-08
ALL020302,1,1,20,T,7.66345432826451e-08
ALL020302,1,1,21,K,7.66345432826451e-08
ALL020302,1,1,22,V,8.940696716308594e-08
ALL020302,1,1,23,M,0.0
ALL020302,1,1,24,Q,0.0
ALL020302,1,1,25,F,0.0
ALL020302,1,1,26,I,0.0
ALL020302,1,1,27,G,0.0
ALL017668,1,1,0,M,0.0
ALL017668,1,1,1,K,0.0
ALL017668,1,1,2,T,0.0
ALL017668,1,1,3,C,0.0
ALL017668,1,1,4,G,0.0
ALL017668,1,1,5,F,0.0
ALL017668,1,1,6,A,1.6178403581891742e-07
ALL017668,1,1,7,A,2.0435878208705356e-07
ALL017668,1,1,8,A,2.0435878208705356e-07
ALL017668,1,1,9,V,3.8317271641322546e-07
ALL017668,1,1,10,A,4.938670567103795e-07
ALL017668,1,1,11,V,4.938670567103795e-07
ALL017668,1,1,12,L,4.938670567103795e-07
ALL017668,1,1,13,L,3.3208302089146204e-07
ALL017668,1,1,14,T,2.8950827462332587e-07
ALL017668,1,1,15,F,2.8950827462332587e-07
ALL017668,1,1,16,I,1.1069434029715402e-07
ALL017668,1,1,17,C,0.0
ALL017668,1,1,18,I,0.0
ALL017668,1,1,19,Q,0.0
ALL017668,1,1,20,E,0.0
ALL017668,1,1,21,G,0.0
ALL017668,1,1,22,C,0.0
ALL017668,1,1,23,A,5.108969552176339e-08
ALL017668,1,1,24,V,5.108969552176339e-08
ALL017668,1,1,25,S,6.811959402901785e-08
ALL017668,1,1,26,V,1.1069434029715402e-07
ALL017668,1,1,27,A,1.1069434029715402e-07
ALL017668,1,1,28,E,1.4475413731166294e-07
ALL017668,1,1,29,E,1.4475413731166294e-07
ALL017668,1,1,30,Q,9.366444178989955e-08
ALL017668,1,1,31,V,9.366444178989955e-08
ALL017668,1,1,32,L,7.66345432826451e-08
ALL017668,1,1,33,K,3.4059797014508927e-08
ALL017668,1,1,34,D,3.4059797014508927e-08
ALL017668,1,1,35,P,0.0
ALL017668,1,1,36,M,0.0
ALL017668,1,1,37,G,0.0
ALL017668,1,1,38,N,0.0
ALL017668,1,1,39,G,0.0
ALL017668,1,1,40,D,0.0
ALL017668,1,1,41,P,0.0
ALL017668,1,1,42,Q,0.0
ALL017668,1,1,43,E,0.0
ALL017668,1,1,44,V,0.0
ALL017668,1,1,45,P,0.0
ALL017668,1,1,46,A,0.0
ALL017668,1,1,47,E,0.0
ALL017668,1,1,48,S,0.0
ALL017668,1,1,49,S,0.0
ALL017668,1,1,50,G,0.0
ALL017668,1,1,51,R,0.0
ALL017668,1,1,52,Q,0.0
ALL017668,1,1,53,W,0.0
ALL017668,1,1,54,M,0.0
ALL017668,1,1,55,M,0.0
ALL017668,1,1,56,P,0.0
ALL017668,1,1,57,F,1.1239733014787947e-06
ALL017668,1,1,58,H,1.68851443699428e-05
ALL017668,1,1,59,F,2.1091529301234653e-05
ALL017668,1,1,60,R,2.2096293313162668e-05
ALL017668,1,1,61,Q,2.2871153695242746e-05
ALL017668,1,1,62,R,2.501692090715681e-05
ALL017668,1,1,63,R,2.5357518877301898e-05
ALL017668,1,1,64,G,2.4233545575823102e-05
ALL017668,1,1,65,S,8.472374507359096e-06
ALL017668,1,1,66,G,4.283019474574498e-06
ALL017668,1,1,67,P,3.2782554626464844e-06
ALL017668,1,1,68,M,2.605574471609933e-06
ALL017668,1,1,69,P,3.039836883544922e-06
ALL017668,1,1,70,C,3.925391605922154e-06
ALL017668,1,1,71,R,3.925391605922154e-06
ALL017668,1,1,72,Q,3.925391605922154e-06
ALL017668,1,1,73,C,3.9083617074148994e-06
ALL017668,1,1,74,C,3.9083617074148994e-06
ALL017668,1,1,75,H,3.874301910400391e-06
ALL017668,1,1,76,C,1.3794217790876116e-06
ALL017668,1,1,77,C,1.532690865652902e-07
ALL017668,1,1,78,P,1.532690865652902e-07
ALL017668,1,1,79,E,1.532690865652902e-07
ALL017668,1,1,80,N,1.7881393432617188e-07
ALL017668,1,1,81,G,2.1457672119140626e-07
ALL017668,1,1,82,R,1.4901161193847656e-07
ALL017668,1,1,83,V,0.0
ALL017668,1,1,84,Y,0.0
ALL017668,1,1,85,V,0.0
ALL001445,1,1,0,V,3.2782554626464844e-05
ALL001445,1,1,1,L,1.6391277313232422e-05
ALL001445,1,1,2,P,1.1066595713297525e-05
ALL001445,1,1,3,F,8.299946784973145e-06
ALL001445,1,1,4,P,6.639957427978516e-06
ALL001445,1,1,5,A,5.533297856648763e-06
ALL001445,1,1,6,I,4.742826734270368e-06
ALL001445,1,1,7,P,5.960464477539063e-08
ALL001445,1,1,8,L,5.960464477539063e-08
ALL001445,1,1,9,S,0.0
ALL001445,1,1,10,R,0.0
ALL001445,1,1,11,R,0.0
ALL001445,1,1,12,R,0.0
ALL001445,1,1,13,A,0.0
ALL001445,1,1,14,C,0.0
ALL001445,1,1,15,V,0.0
ALL001445,1,1,16,A,0.0
ALL001445,1,1,17,A,0.0
ALL001445,1,1,18,P,0.0
ALL001445,1,1,19,R,0.0
ALL001445,1,1,20,P,0.0
ALL001445,1,1,21,R,0.0
ALL001445,1,1,22,S,0.0
ALL001445,1,1,23,R,0.0
ALL001445,1,1,24,Q,0.0
ALL001445,1,1,25,R,0.0
ALL001445,1,1,26,A,0.0
ALL001445,1,1,27,S,0.0
